route_distance,crow_distance,edges
261,216,"[7.741, 7.733, 57.987, 6.506, 51.961, 5.96, 7.027, 2.668, 84.001, 14.349, 6.159, 7.214, 1.579]"
1895,1467,"[50.919, 57.9, 47.24, 28.398, 9.406, 4.89, 33.767, 6.728, 3.54, 93.769, 16.126, 6.476, 25.21, 38.976, 13.795, 242.93499999999997, 15.157, 10.833, 61.014, 7.696999999999999, 6.237, 9.064, 1.866, 9.02, 7.054, 12.035, 10.097999999999999, 13.554, 14.747, 5.196, 8.909, 17.177, 9.865, 5.347, 7.767, 6.171, 1.408, 9.443, 17.918, 39.294, 40.368, 31.793999999999997, 10.804, 13.284, 5.575, 5.566, 10.094, 5.095, 5.888, 5.69, 8.044, 5.889, 8.037, 37.118, 11.565, 9.025, 8.956, 5.239, 6.956, 4.5, 2.873, 6.065, 0.908, 44.944, 5.666, 15.623, 1.082, 11.207, 16.634999999999998, 5.439, 4.223, 1.03, 22.514, 8.082, 8.299, 9.161999999999999, 12.057, 8.463, 13.966, 74.223, 15.168, 114.00300000000001, 9.07, 54.96199999999999, 86.96399999999998, 8.186, 8.578, 18.754, 80.025]"
220,164,"[1.081, 38.725, 3.151, 3.521, 18.961, 6.667, 19.814, 6.079, 11.896, 6.147, 6.624, 30.388, 40.286, 26.482]"
3032,2431,"[4.074, 38.253, 3.04, 21.03, 17.874, 6.255, 11.921, 4.195, 32.419, 13.788, 26.818, 25.046999999999997, 7.666, 2.452, 57.621, 6.423, 59.521, 7.016, 7.671, 35.003, 72.225, 8.106, 7.895, 7.591, 22.142, 17.408, 34.413000000000004, 15.583, 11.126, 3.23, 3.8099999999999996, 9.226, 10.35, 4.286, 22.755, 2.656, 9.357, 27.969, 1.142, 8.076, 7.843, 1.719, 23.375999999999998, 32.288, 31.888, 6.94, 20.130000000000003, 7.637, 66.217, 18.381999999999998, 9.634, 38.25, 210.381, 110.535, 123.042, 43.45, 16.414, 8.173, 12.821000000000002, 38.677, 70.678, 54.034, 6.028, 12.393, 65.833, 6.253, 13.245, 71.55799999999999, 10.312, 11.387, 10.633, 3.599, 54.324, 3.083, 7.708, 5.28, 13.486, 14.097, 104.73700000000001, 65.187, 9.806, 10.82, 32.491, 6.4, 13.159, 15.246, 51.692, 20.307, 63.301, 58.091, 7.531, 3.804, 5.166, 4.679, 19.076, 9.357, 11.345, 54.885999999999996, 5.254, 5.435, 42.800000000000004, 4.745, 5.289, 60.141999999999996, 7.699, 25.843, 79.695, 46.397, 2.228, 7.89, 9.993, 42.75, 31.003999999999998, 34.028, 7.214, 97.264]"
745,584,"[13.344, 13.434999999999999, 19.647, 9.364, 4.795, 5.502000000000001, 5.746, 90.494, 6.086, 95.514, 104.02, 13.447, 82.786, 11.456, 21.183999999999997, 148.586, 34.004000000000005, 6.396, 12.294, 7.227, 6.336, 4.722, 28.731]"
842,609,"[65.47, 28.621, 5.662, 6.595, 137.27599999999998, 9.835, 35.777, 121.52199999999999, 33.537, 118.57999999999998, 7.976, 8.022, 134.639, 5.765, 17.942, 5.487, 34.004000000000005, 6.396, 12.294, 7.227, 6.336, 4.722, 28.731]"
1343,1142,"[42.332, 5.523, 6.299, 9.029, 30.525000000000002, 109.041, 15.167, 7.008, 39.028999999999996, 2.629, 27.364, 21.052, 48.606, 5.073, 10.391, 6.255, 13.587, 120.76300000000002, 8.408, 8.62, 74.804, 20.518, 14.501, 34.832, 49.883, 10.225, 7.167, 89.991, 8.235, 6.88, 79.83500000000001, 13.6, 15.261, 104.317, 8.839, 18.865, 148.586, 34.004000000000005, 6.396, 12.294, 7.227, 6.336, 4.722, 28.731]"
2740,1359,"[95.517, 11.373000000000001, 179.363, 53.936, 76.751, 138.86399999999998, 43.599000000000004, 2.356, 4.714, 23.624000000000002, 53.858, 72.21000000000001, 51.159, 27.271, 25.836, 7.917, 3.805, 60.678000000000004, 86.484, 10.484, 28.212, 5.934, 4.125, 55.284000000000006, 32.876999999999995, 19.506, 133.353, 33.628, 10.54, 35.85, 14.318, 11.974, 8.368, 21.957, 64.276, 294.62, 26.013, 213.62800000000001, 47.711, 38.269000000000005, 45.732, 15.578, 6.994, 28.007, 4.575, 31.013, 31.497, 34.384, 7.89, 69.786, 24.593, 15.329, 8.997, 5.501, 40.626000000000005, 5.449, 16.709000000000003, 3.69, 21.582, 17.149, 18.895, 7.279999999999999, 50.902, 20.291, 29.326, 21.961, 25.961]"
745,584,"[13.344, 13.434999999999999, 19.647, 9.364, 4.795, 5.502000000000001, 5.746, 90.494, 6.086, 95.514, 104.02, 13.447, 82.786, 11.456, 21.183999999999997, 148.586, 34.004000000000005, 6.396, 12.294, 7.227, 6.336, 4.722, 28.731]"
3732,3304,"[79.422, 30.847, 71.643, 32.513, 22.979, 136.243, 12.443000000000001, 10.871, 23.242, 38.682, 17.289, 20.777, 39.327, 20.722, 9.989, 8.901, 173.84599999999998, 70.721, 45.388, 34.175, 9.541, 9.019, 9.742, 90.494, 6.086, 95.514, 12.187000000000001, 103.831, 10.106, 76.59100000000001, 22.585, 142.97299999999998, 16.056, 14.849, 13.015, 130.645, 7.661, 118.57999999999998, 33.537000000000006, 121.52199999999999, 35.777, 9.835, 14.762, 16.092000000000002, 82.41300000000001, 49.71, 11.43, 11.058, 79.215, 61.461999999999996, 144.331, 4.444, 11.285, 11.751000000000001, 7.867, 7.741, 109.32300000000001, 5.256, 13.260000000000002, 38.455, 12.235, 27.575, 4.72, 66.62, 71.025, 43.410000000000004, 11.531, 14.158, 21.186, 9.643, 7.486000000000001, 28.5, 57.398, 6.794, 5.774, 146.185, 7.065, 6.025, 16.922, 20.709, 18.384, 10.618, 45.918, 3.72, 28.384, 5.849, 6.045, 24.685000000000002, 24.741, 17.975, 8.314, 5.883, 14.554, 6.063, 11.064, 3.08, 4.47, 6.109, 7.463, 29.217, 6.462, 5.897, 97.394, 10.764, 9.232, 7.491, 27.687, 26.444, 3.206]"
1859,1580,"[4.278, 5.337, 16.742, 4.86, 5.457000000000001, 6.739, 91.243, 43.775, 23.8, 10.893, 7.572, 10.319, 6.139, 5.844, 8.005, 11.448, 5.432, 28.545, 1.549, 5.324, 6.581, 1.794, 19.161, 20.617, 37.741, 2.513, 7.277, 8.663, 4.331, 19.105, 107.364, 7.198, 7.45, 12.426, 2.279, 2.046, 13.933, 7.061, 4.102, 7.305, 2.362, 1.251, 2.035, 0.315, 7.174, 2.621, 52.736, 7.037, 7.739, 83.983, 5.147, 5.238, 41.156, 3.307, 29.241, 6.481, 7.977, 29.492, 29.157, 0.991, 6.48, 32.482, 39.366, 11.779, 20.483, 20.052, 9.991, 25.323, 7.187, 5.699, 39.905, 7.348, 7.322, 75.217, 10.905, 4.567, 21.236, 24.974, 77.478, 7.947, 10.118, 61.626000000000005, 36.261, 131.903, 6.232, 6.42, 32.364, 30.586, 27.698, 5.392, 7.083, 114.842, 5.302]"
4090,387,"[100.485, 59.55500000000001, 41.669000000000004, 38.464, 56.07599999999999, 64.247, 37.561, 58.157, 9.968, 11.061, 142.63, 42.217, 22.161, 104.37899999999999, 115.554, 33.754000000000005, 7.577, 15.022, 8.364, 19.407, 25.365000000000002, 41.456, 56.85399999999999, 4.69, 293.91999999999996, 7.385, 52.413, 54.976, 277.204, 275.73499999999996, 45.084, 11.48, 34.499, 63.69799999999999, 5.717, 70.931, 105.137, 38.704, 63.843, 27.203, 110.40100000000001, 4.645, 48.113, 40.895, 11.112, 126.715, 25.051000000000002, 55.817, 201.95799999999997, 294.789, 124.101, 75.629, 105.49300000000001, 53.624, 8.93, 68.407, 12.17, 128.84, 12.411, 13.138, 1.916, 12.656, 8.741]"
1436,1146,"[4.454, 4.351, 66.267, 33.539, 6.885, 7.65, 19.496000000000002, 46.04600000000001, 6.37, 45.027, 7.744, 15.156, 5.901, 7.937, 5.344, 9.465, 1.916, 6.347, 9.944, 33.456, 7.475, 50.12, 9.899, 7.866, 92.55699999999999, 7.046, 7.607, 28.816000000000003, 4.3, 10.479, 4.602, 17.577, 2.944, 6.293, 6.283, 54.16100000000001, 8.136, 24.462, 9.547, 17.073, 34.865, 19.97, 31.97, 7.541, 7.706, 5.36, 50.178, 20.079, 8.99, 7.389, 54.415, 18.529, 12.549, 11.823, 14.373, 104.90700000000001, 11.121, 27.081, 10.861, 5.749, 111.846, 56.822, 13.505, 67.715]"
1086,894,"[64.342, 2.547, 7.282, 8.855, 66.093, 103.16, 7.9159999999999995, 11.280999999999999, 12.75, 6.796, 11.161000000000001, 9.632, 5.675, 62.086999999999996, 7.138, 7.7219999999999995, 11.896, 41.222, 5.543, 19.523, 7.596, 60.414, 112.31, 7.898, 7.851000000000001, 5.001, 29.997999999999998, 46.644, 6.641, 12.626000000000001, 5.582, 1.555, 8.42, 9.619, 17.232, 16.374000000000002, 1.71, 17.357, 11.19, 20.264, 5.263, 1.692, 1.942, 14.975, 20.025, 5.282, 11.562, 7.295, 7.416, 7.323, 60.084, 52.948, 6.944, 4.838]"
469,351,"[7.427, 7.145, 21.884, 74.777, 112.83, 5.001, 29.997999999999998, 46.644, 6.641, 12.626000000000001, 5.582, 1.555, 43.774, 3.897, 5.653, 45.058, 10.054, 19.03, 9.457]"
1344,1162,"[40.765, 82.696, 7.631, 8.134, 7.077, 33.116, 7.903, 9.066, 10.446000000000002, 11.927, 87.736, 18.456, 6.997, 71.399, 39.726, 46.288, 8.145, 8.727, 61.1, 54.114000000000004, 98.459, 13.945, 6.545, 137.00699999999998, 17.878, 18.978, 16.019, 33.638, 92.544, 21.01, 3.021, 5.623, 14.491, 4.429, 5.935, 32.09, 9.905, 48.85, 18.248, 18.09, 43.814, 3.438, 1.826, 56.32899999999999]"
1603,1272,"[15.304, 46.377, 44.035, 5.185, 5.622, 13.962, 48.86, 79.67899999999999, 5.191, 9.696, 2.634, 10.592, 20.722, 39.327, 20.777, 17.289, 38.682, 23.242, 10.871, 12.443000000000001, 136.243, 22.979, 32.513, 71.643, 30.847, 79.422, 12.120999999999999, 35.701, 86.673, 88.53399999999999, 9.07, 19.778, 7.486, 103.955, 12.597, 4.705, 41.463, 1.02, 37.228, 4.702, 3.889, 143.158, 2.521, 5.319, 5.311, 75.41799999999999, 57.885]"
817,543,"[3.356, 23.434, 1.099, 1.343, 3.6, 22.895, 10.333, 5.282, 3.305, 2.479, 23.24, 11.207, 1.14, 6.083, 6.468, 62.872, 3.299, 5.614, 6.331, 73.36, 5.061999999999999, 4.652, 61.897, 6.108, 148.829, 15.667, 79.289, 4.817, 3.917, 90.964, 4.702, 5.428, 41.311, 35.619, 8.008, 5.938, 3.595, 4.745, 4.217, 3.628, 1.579]"
1439,1117,"[1.125, 4.693, 8.65, 2.391, 3.302, 3.573, 4.901, 6.496, 3.112, 3.533, 23.05, 3.082, 8.764, 6.073, 5.539, 4.659, 112.206, 78.6, 17.373, 16.545, 41.019, 8.206, 9.108, 38.609, 11.477, 18.043, 6.647, 10.224, 51.397, 6.23, 6.464, 6.932, 18.833, 12.344000000000001, 16.951, 17.597, 24.649, 126.00200000000001, 6.011, 5.866, 24.479, 75.651, 132.49500000000003, 6.562, 6.63, 74.111, 16.562, 5.377, 7.556, 60.346, 6.677, 3.315, 4.351, 6.8, 8.805, 28.891, 0.832, 2.628, 20.148, 14.025, 3.886, 4.943, 6.451, 5.887, 20.627, 47.295, 1.794, 1.64, 5.995, 4.183, 9.881, 59.617000000000004]"
377,321,"[7.124, 38.875, 10.283, 23.256, 4.988, 5.447, 4.34, 101.142, 7.838, 23.3, 8.192, 9.021, 7.417000000000001, 19.229, 86.909, 4.27, 7.181, 7.739]"
294,196,"[53.9, 8.715, 9.436, 9.993, 42.75, 31.003999999999998, 34.028, 7.214, 97.264]"
1314,1127,"[47.428000000000004, 7.677, 29.393, 19.719, 3.319, 2.649, 4.437, 10.248, 3.907, 25.135, 14.864, 12.727, 4.798, 24.61, 11.367, 14.370000000000001, 5.476, 5.306, 96.677, 8.9, 2.998, 51.782, 19.049, 12.941, 11.717, 25.951999999999998, 19.063, 52.056, 32.912, 7.267, 1.573, 9.535, 14.712, 14.22, 7.963, 1.047, 9.808, 4.381, 7.512, 2.303, 9.191, 4.693, 21.603, 1.963, 3.167, 6.914, 7.459, 90.276, 7.888, 6.678, 79.926, 8.114, 7.596, 8.356, 8.238, 104.317, 8.839, 18.865, 148.586, 34.004000000000005, 6.396, 12.294, 7.227, 6.336, 4.722, 28.731]"
646,418,"[65.759, 5.376, 9.237, 8.882, 7.669, 38.972, 4.896, 6.75, 12.893, 7.059, 8.866, 13.53, 19.529000000000003, 50.713, 19.313, 29.731, 22.935000000000002, 33.769, 8.736, 34.488, 4.759, 6.569, 7.005, 5.611, 62.824, 10.434, 40.062000000000005, 34.004000000000005, 6.396, 12.294, 7.227, 6.336, 4.722, 28.731]"
566,122,"[7.502, 45.044, 8.711, 17.591, 52.02, 6.649000000000001, 10.652000000000001, 6.927, 14.258000000000001, 20.312, 7.206, 9.717, 14.354, 35.594, 14.672, 45.66, 12.644, 69.046, 91.189, 76.113]"
2122,1993,"[7.307, 37.553, 8.009, 88.916, 1.614, 7.33, 7.021000000000001, 3.684, 98.208, 4.445, 10.098, 24.522, 15.485, 66.042, 30.854999999999997, 12.804, 8.42, 67.841, 8.112, 27.494999999999997, 4.381, 52.858, 20.154, 16.61, 28.379, 28.360999999999997, 6.622, 4.88, 4.921, 49.19, 30.667, 43.518, 9.2, 28.183, 61.94, 76.443, 32.095, 9.238, 7.853, 91.329, 42.389, 9.429, 26.168, 49.032, 5.727, 1.721, 8.261, 20.169999999999998, 21.65, 10.554, 136.084, 10.439, 38.028999999999996, 9.14, 121.22200000000001, 9.105, 55.8, 9.699, 76.763, 94.494, 11.564, 42.75, 31.003999999999998, 34.028, 7.214, 97.264]"
1423,985,"[3.155, 2.769, 5.909, 1.235, 3.516, 11.948, 8.983, 12.635, 10.433, 9.715, 8.682, 4.158, 22.678, 7.213, 31.493, 10.827, 10.208, 6.812, 9.789, 23.715, 2.018, 6.024, 74.301, 19.365000000000002, 107.99000000000001, 9.745, 9.503, 117.79599999999999, 7.974, 9.299, 54.858, 25.409000000000002, 242.93499999999997, 13.795, 38.976, 25.21, 6.476, 16.126, 93.769, 3.54, 47.708, 6.369, 65.71600000000001, 18.762, 8.133, 25.413, 46.177, 6.576, 5.966, 1.413, 6.124, 7.141, 6.265000000000001, 29.342000000000002, 16.528, 21.777, 8.279, 3.911]"
1138,929,"[15.557, 25.069, 8.506, 6.433, 12.120999999999999, 94.523, 14.103, 4.315, 22.477, 12.362000000000002, 16.037, 22.871, 15.145, 26.476, 201.11999999999998, 35.207, 9.073, 81.547, 57.807, 70.28, 77.83399999999999, 12.667, 9.119, 4.201, 24.225, 43.103, 22.982999999999997, 12.337, 29.829, 2.753, 5.91, 16.517, 7.604, 10.414, 10.649, 17.254, 14.802, 17.469, 47.473]"
1171,1116,"[9.429, 42.389, 91.329, 7.853, 9.238, 32.095, 76.443, 61.94, 28.183, 9.2, 43.518, 30.667, 49.19, 4.921, 4.88, 6.622, 28.360999999999997, 4.465, 28.455, 16.558, 11.447999999999999, 7.466, 41.91, 49.624, 8.913, 60.513, 7.834, 52.522999999999996, 4.364, 66.238, 6.661, 9.84, 12.974, 1.602, 113.705, 1.989, 7.2219999999999995, 7.515, 2.218, 0.582, 4.383, 2.465, 3.333, 5.64, 7.235, 3.232, 9.321, 4.558, 5.744, 7.659, 15.076, 4.801, 10.53, 2.324, 2.336, 7.39, 8.213, 6.098]"
1913,1602,"[69.094, 2.445, 7.889, 6.565, 7.058, 22.108, 20.051000000000002, 21.154, 17.469, 76.857, 23.504, 5.804, 5.96, 37.627, 71.779, 15.683, 1.647, 29.75, 8.209, 10.579, 7.676, 9.03, 64.468, 15.313, 14.762, 9.835, 35.777, 121.52199999999999, 33.537, 118.57999999999998, 7.976, 8.022, 134.639, 5.765, 17.942, 5.487, 148.586, 18.865, 8.839, 104.31700000000001, 15.261, 13.6, 79.83500000000001, 6.88, 8.235, 89.991, 7.167, 10.225, 49.883, 34.832, 14.501, 20.518, 74.804, 7.979, 8.031, 8.15, 110.455]"
689,633,"[5.671, 49.893, 5.396, 179.236, 5.414, 6.323, 64.896, 10.648, 6.448, 7.311, 3.065, 36.061, 11.088, 1.013, 23.04, 5.752, 6.615, 55.127, 28.528, 12.99, 15.919, 30.762, 7.027, 8.08, 20.134, 66.722, 3.886, 1.238, 4.952, 5.302]"
1942,1492,"[22.032, 15.304, 46.377, 44.035, 5.185, 11.163, 6.052, 72.349, 51.846, 1.912, 4.909, 13.07, 6.213, 2.374, 12.836, 2.469, 3.424, 3.649, 22.125, 20.81, 4.887, 7.687, 7.534, 7.082, 6.924, 313.849, 8.304, 30.525, 12.376999999999999, 9.07, 6.362, 40.905, 61.606, 7.096, 14.108, 8.219, 16.195, 76.002, 6.261, 14.876000000000001, 8.498, 31.271, 33.757, 9.887, 26.418, 21.880000000000003, 38.935, 11.949, 81.547, 57.807, 70.28, 77.83399999999999, 12.667, 70.194, 77.488, 14.974, 4.943, 44.598, 4.033, 5.07, 33.537, 5.57, 43.632, 4.155, 89.411, 34.021]"
1616,1537,"[28.692, 141.997, 5.503, 159.847, 133.75699999999998, 31.805, 11.899999999999999, 8.753, 73.849, 8.368, 4.914, 138.81799999999998, 61.19, 4.868, 49.204, 64.309, 6.736, 10.816, 86.231, 5.382, 8.393, 82.872, 5.735, 5.031, 4.3, 121.581, 55.429, 4.183, 5.536, 109.958, 5.103, 4.583, 130.354, 8.732, 6.993, 20.605]"
1722,1312,"[35.271, 3.695, 4.08, 16.488, 8.855, 10.529, 87.28099999999999, 7.459, 6.319, 114.614, 5.13, 4.887, 20.81, 22.125, 3.649, 3.424, 2.469, 12.836, 2.374, 6.213, 13.07, 4.909, 1.912, 51.846, 72.349, 7.04, 10.837, 32.706, 3.148, 3.245, 2.467, 32.098, 15.008, 40.370000000000005, 7.337, 13.367, 59.255, 29.636, 5.443, 19.413, 92.09, 5.397, 77.83099999999999, 14.812, 8.3, 57.217, 129.308, 232.892, 69.07999999999998, 6.857, 3.756, 78.64099999999999, 2.137, 79.282, 9.18, 3.597, 47.664]"
1517,1206,"[33.906000000000006, 50.12, 9.899, 10.905, 50.473, 9.104, 114.573, 7.934, 72.599, 11.554, 11.045, 71.305, 9.488, 17.500999999999998, 47.06099999999999, 14.077, 6.782, 39.497, 14.546, 41.377, 8.727, 61.1, 54.114000000000004, 98.459, 13.945, 6.545, 137.00699999999998, 17.878, 18.978, 16.019, 33.638, 92.544, 21.01, 3.021, 13.043, 50.831, 11.253, 68.14399999999999, 4.189, 3.764, 5.614, 17.808, 15.299, 15.033000000000001, 7.966, 19.773, 24.99, 20.627, 11.979]"
891,678,"[36.172, 109.915, 5.612, 6.299, 9.328, 21.065, 7.075, 30.946, 5.094, 42.341, 4.794, 26.376, 5.07, 5.223, 22.305, 6.202, 10.012, 33.899, 47.705, 3.22, 6.542, 23.117, 58.732, 78.978, 65.956, 5.646, 43.578, 34.098, 2.564, 19.025, 16.732, 9.196, 1.414, 10.267, 1.881, 4.591, 6.949, 5.468, 21.764000000000003, 15.275, 1.816, 10.314, 8.542]"
695,471,"[5.363, 10.547, 14.326, 10.976, 36.849, 17.785, 11.0, 3.195, 9.147, 29.012, 12.897, 52.077, 6.127, 4.983, 1.62, 5.809, 5.379, 0.936, 27.518, 11.569, 4.625, 5.25, 6.688, 11.28, 2.257, 5.245, 20.159, 70.745, 6.127, 2.148, 9.61, 4.927, 4.378, 11.518, 3.464, 3.642, 4.723, 9.034, 7.43, 6.26, 0.624, 0.568, 5.582, 6.464, 62.526, 4.896, 5.528, 19.085, 28.188000000000002, 12.478000000000002, 22.924, 2.387, 25.19, 4.826, 4.813, 1.52, 11.218]"
2288,1838,"[13.959, 10.301, 10.774999999999999, 8.382, 19.021, 5.371, 35.73499999999999, 15.305, 16.385, 12.124, 47.104, 6.342, 5.576, 12.68, 14.681, 1.385, 17.431, 23.132, 6.503, 15.648, 17.846, 7.879, 12.72, 7.599, 7.248, 19.56, 17.427, 5.868, 4.25, 24.366, 5.459, 20.804, 21.649, 3.963, 4.964, 12.939, 9.216999999999999, 6.776, 11.81, 12.309, 42.212, 5.931, 15.487, 13.629, 3.868, 28.43, 19.989, 4.282, 4.103, 3.033, 35.958, 12.608, 13.322, 8.911, 7.884, 7.515, 16.047, 4.205, 86.18499999999999, 10.833, 15.157, 242.93499999999997, 13.795, 38.976, 25.21, 6.476, 16.126, 93.769, 3.54, 6.728, 33.767, 4.89, 9.406, 28.398, 47.24, 6.671, 4.815, 4.262, 14.727, 42.765, 25.095, 10.595, 5.33, 4.89, 5.744, 7.032, 4.743, 8.242, 4.732, 7.53, 1.69, 2.242, 2.532, 2.692, 8.788, 21.168, 9.344, 2.727, 8.138, 1.323, 6.8740000000000006, 5.785, 9.905, 2.051, 6.111, 3.475, 4.918, 3.785, 3.109, 3.13, 5.309, 8.131, 6.24, 6.286, 17.323, 5.861, 6.079, 5.89, 12.355, 1.723, 5.449, 5.961, 9.581, 8.414, 8.252, 18.876, 6.999, 10.242, 1.983, 3.726, 28.705, 29.912, 5.744, 15.501, 6.387, 2.864, 1.469, 3.086, 4.346, 4.337, 24.553, 3.253, 8.082, 15.043, 6.647, 9.16, 4.52, 10.917, 8.003, 8.686, 6.832, 12.845, 12.805, 11.842, 5.432, 19.215, 10.447, 3.649, 2.373, 4.325, 3.254, 10.261, 5.97, 6.716, 38.572, 3.873, 4.849, 38.305]"
2176,1848,"[101.447, 7.559, 13.004, 5.625, 2.481, 52.102000000000004, 11.098, 63.859, 8.133000000000001, 7.503, 8.784, 108.805, 8.762, 18.183, 75.13699999999999, 7.295, 16.058, 40.467, 13.937, 3.58, 61.018, 11.475, 90.725, 73.684, 4.996, 27.163, 14.441, 121.57900000000001, 12.709, 16.374, 70.478, 11.199, 14.424, 46.231, 16.438000000000002, 57.12199999999999, 1.179, 73.085, 7.957, 60.087999999999994, 34.697, 21.225, 29.033, 36.257999999999996, 86.467, 10.399, 77.32499999999999, 187.258, 11.212, 22.481, 99.43599999999999, 114.417, 10.137, 8.631, 12.605, 13.246, 17.63, 8.81, 8.596]"
2359,2049,"[11.321, 23.301, 4.477, 34.937, 13.521, 22.247, 11.456, 52.644000000000005, 10.63, 79.462, 10.523, 22.78, 3.925, 6.052, 52.974000000000004, 42.358, 6.591, 78.485, 49.831, 51.009, 81.25500000000001, 9.996, 8.794, 61.605000000000004, 41.673, 96.084, 66.255, 5.917, 6.548, 4.184, 188.116, 6.82, 47.254, 5.939, 67.841, 8.42, 12.804, 30.854999999999997, 66.042, 15.485, 24.522, 10.098, 100.306, 10.185, 9.035, 87.997, 8.464, 9.827, 82.41799999999999, 7.28, 7.459, 96.24099999999999, 16.5, 18.38, 9.131, 55.069, 6.16, 37.974, 35.559, 6.291, 6.601, 41.691, 43.477, 3.541, 33.224, 3.997, 8.08, 4.045, 19.416, 5.32, 4.984, 6.565, 6.047, 7.472, 105.655]"
1706,1342,"[25.433, 7.019, 46.010999999999996, 46.166, 8.336, 79.913, 43.631, 6.763, 101.072, 63.126000000000005, 13.056, 33.797000000000004, 89.139, 97.756, 163.032, 17.714, 81.67099999999999, 59.326, 128.78799999999998, 59.52600000000001, 4.524, 5.337, 9.038, 21.309, 32.019, 14.967, 22.951, 30.216, 3.888, 91.52600000000001, 27.213, 39.167, 7.774, 35.907, 5.173, 25.628, 31.998, 20.802, 7.133, 32.580999999999996, 36.829, 17.712, 11.437]"
1206,1027,"[40.232, 46.939, 59.333, 9.545, 9.059, 50.010000000000005, 13.745, 9.327, 5.804, 63.686, 21.237000000000002, 28.369, 30.809, 15.844999999999999, 84.648, 74.716, 30.421999999999997, 18.978, 16.019, 39.60000000000001, 93.737, 15.148, 33.45, 9.013, 16.328, 33.312, 11.481, 10.46, 44.96, 6.604, 7.535, 40.13, 7.972, 12.834, 13.6, 38.487, 33.107, 38.71, 8.968, 31.265, 30.625]"
3145,2665,"[30.39, 14.647, 26.445999999999998, 42.768, 77.83099999999999, 5.397, 92.09, 14.264, 33.22, 75.28800000000001, 10.388, 289.68, 181.398, 9.021, 26.078, 84.799, 79.884, 33.718, 20.559, 9.82, 3.562, 13.652000000000001, 8.347999999999999, 9.094, 45.616, 5.62, 29.650000000000002, 15.879000000000001, 6.83, 9.121, 15.517, 64.106, 11.727, 12.101, 12.467, 50.461, 27.0, 13.015, 130.645, 7.661, 118.57999999999998, 33.537000000000006, 121.52199999999999, 35.777, 9.835, 14.762, 16.092000000000002, 82.41300000000001, 49.71, 11.43, 11.058, 79.215, 61.461999999999996, 144.331, 15.656, 9.155, 13.902000000000001, 38.71, 65.03200000000001, 13.25, 13.203, 55.53, 62.407000000000004, 14.225999999999999, 3.44, 9.7, 4.413, 13.943000000000001, 49.141, 12.239, 21.099, 13.21, 3.6590000000000003, 4.405, 8.255, 36.979, 0.933, 12.329, 11.72, 7.854, 18.579, 14.05, 17.153, 140.959]"
405,271,"[50.713, 19.529000000000003, 65.034, 8.011, 33.921, 8.109, 26.781, 73.967, 10.106, 12.428, 82.786, 5.536, 7.938]"
1907,1656,"[1.993, 17.96, 5.599, 6.384, 7.586, 4.79, 84.013, 16.716, 57.761, 6.404999999999999, 7.293, 12.48, 137.27599999999998, 14.762, 16.092000000000002, 82.41300000000001, 49.71, 11.43, 11.058, 10.667, 78.595, 8.553, 8.107, 108.62100000000001, 5.158, 12.373000000000001, 4.043, 12.103, 37.772, 7.4319999999999995, 5.189, 53.714, 37.126999999999995, 12.806000000000001, 13.286999999999999, 10.834, 10.407, 42.127, 28.35, 57.158, 1.824, 69.002, 13.600000000000001, 7.962, 93.737, 39.6, 16.019, 46.028000000000006, 11.222999999999999, 103.542, 65.614, 3.892, 6.332, 71.423, 11.999, 8.119, 63.746, 8.993, 7.856, 39.64, 2.33, 26.295, 17.659, 39.86, 14.1]"
1758,1461,"[16.958, 31.417, 1.273, 22.427, 5.238, 20.961, 24.469, 5.937, 5.302, 1.898, 40.38, 10.657, 19.603, 3.1, 4.282, 4.103, 3.033, 35.958, 12.608, 13.322, 8.911, 7.884, 7.515, 16.047, 4.205, 86.18499999999999, 10.833, 15.157, 242.93499999999997, 13.795, 38.976, 15.003, 85.36500000000001, 2.833, 3.449, 23.153, 47.781, 49.498000000000005, 8.72, 7.684, 73.92099999999999, 24.256999999999998, 2.273, 44.458, 11.492, 53.361999999999995, 53.455, 119.81, 6.087, 6.229, 277.202, 29.945, 13.279, 5.72, 5.752, 5.732, 5.727, 5.762, 5.732, 5.787, 5.698, 5.767, 5.716, 5.722]"
933,664,"[13.478, 3.528, 1.557, 24.869, 5.411, 1.2, 6.472, 5.31, 1.384, 7.805, 5.842, 6.103, 0.936, 23.828, 4.889, 5.549, 22.883000000000003, 77.892, 61.732, 4.992, 64.44500000000001, 6.463, 6.861, 31.221999999999998, 25.613, 40.183, 60.555, 6.281, 14.351, 5.466, 5.722, 1.527, 8.968, 12.417, 11.644, 7.237, 18.136, 4.829, 6.46, 6.855, 5.36, 44.143, 17.727000000000004, 5.746, 2.97, 1.821, 16.936, 19.899, 3.713, 9.751, 3.112, 6.149, 5.079, 5.603, 5.319, 3.372, 3.103, 6.164, 4.747, 3.669, 3.902, 5.299, 5.006, 3.723, 30.762, 6.339, 33.463, 35.64, 3.495]"
603,398,"[6.492, 5.968, 21.222, 6.324, 21.053, 6.468, 9.307, 6.613, 8.406, 7.281, 26.998, 1.785, 24.791, 49.47, 0.983, 7.07, 5.785, 3.713, 42.015, 43.469, 5.482, 6.7989999999999995, 7.165, 7.033, 32.627, 5.972, 34.65, 53.326, 6.479, 6.246, 19.131, 69.734, 10.568000000000001, 4.567, 5.504, 4.694, 11.473, 6.802]"
779,601,"[91.99600000000001, 5.019, 8.042, 74.473, 4.884, 15.41, 48.907000000000004, 10.445, 29.994, 5.087, 23.997, 41.796, 10.592, 11.628, 15.443, 55.647999999999996, 7.517, 40.227, 12.536999999999999, 6.266, 0.646, 5.242, 3.464, 4.3, 3.697, 7.485, 20.695, 21.257, 12.76, 8.108, 14.642999999999999, 7.11, 1.832, 1.224, 6.757, 7.652, 9.68, 43.22, 35.025, 7.182, 22.818, 7.48, 3.409, 3.665]"
458,322,"[156.568, 2.167, 6.305, 5.142, 0.932, 15.391, 7.779, 14.959, 3.461, 8.726, 6.148, 3.275, 24.122, 20.633, 10.224, 51.397, 3.564, 6.73, 6.733, 4.316, 19.335, 11.255, 5.118, 19.723, 5.25, 4.754, 15.23, 18.892]"
782,591,"[13.575, 81.65499999999999, 12.557, 71.71199999999999, 8.477, 7.796, 18.165, 11.723, 62.58800000000001, 6.376, 9.126, 15.985, 49.934, 17.473, 9.331, 22.783, 8.355, 12.575, 7.726, 7.002, 9.979, 5.343, 2.862, 11.029, 18.916999999999998, 8.836, 36.956, 68.688, 5.839, 7.191000000000001, 38.78, 5.433, 13.976, 44.198, 48.85399999999999]"
1604,1216,"[8.561, 31.14, 1.824, 5.477, 6.68, 1.454, 91.78999999999999, 4.961, 5.086, 32.856, 33.919, 6.221, 6.186, 5.989, 49.333, 66.45700000000001, 6.605, 20.539, 12.973, 21.537, 8.119, 8.299, 27.022, 15.585, 123.12100000000001, 7.305, 30.994, 31.045, 13.690999999999999, 10.061, 61.732, 4.992, 64.44500000000001, 7.535, 6.972, 40.102000000000004, 1.306, 49.245999999999995, 5.987, 5.932, 19.099, 12.898, 29.602, 6.054, 6.202, 6.337, 20.268, 40.04, 9.146, 5.277, 6.152, 5.351, 1.106, 3.138, 9.111, 7.746, 7.917, 7.592, 3.133, 13.871, 38.179, 6.473000000000001, 4.072, 7.448, 5.332, 11.725000000000001, 4.161, 53.529, 14.361, 10.992, 5.468, 151.856, 14.258000000000001, 20.312, 92.798]"
738,470,"[1.773, 7.718, 6.927, 4.902, 6.845000000000001, 15.367, 6.261, 10.217, 3.452, 1.108, 6.31, 5.91, 1.767, 14.722999999999999, 29.395, 12.8, 15.493, 1.861, 1.877, 8.768, 5.653, 5.384, 5.096, 2.947, 5.813, 12.043, 23.308, 19.169, 16.827, 11.426, 19.003999999999998, 63.901, 6.905, 7.953, 5.749, 11.867, 24.346, 37.482, 24.647, 24.073, 66.62, 16.878, 5.096, 50.224, 6.16, 26.063, 69.54499999999999]"
1265,991,"[8.871, 7.765, 1.523, 53.129, 3.404, 6.633, 9.145, 6.976, 6.501, 12.809, 10.796, 4.957, 5.019, 6.036, 6.721, 6.716, 39.875, 59.921, 6.643, 6.863, 28.611, 21.733, 4.915, 4.08, 2.066, 4.731, 8.812, 4.96, 21.765, 7.551, 7.405, 5.644, 7.115, 41.639, 68.182, 11.298, 2.506, 10.084999999999999, 8.477, 4.876, 10.244, 104.90700000000001, 11.121, 27.081, 10.861, 5.749, 111.846, 56.822, 13.505, 37.541, 11.874, 15.69, 38.646, 4.168, 8.949, 8.106, 5.52, 1.871, 6.874, 9.982000000000001, 0.538, 6.19, 4.783, 12.471, 13.421, 9.795, 9.805, 4.428, 4.406, 8.192, 6.558999999999999, 2.295, 10.837, 10.253, 7.972999999999999, 7.352, 16.967, 80.76100000000001]"
2635,2126,"[20.839, 22.153, 17.237, 4.457, 5.098, 5.289, 5.343, 54.72, 4.874, 96.59400000000001, 8.435, 19.314, 8.543, 8.453, 8.237, 22.386, 10.491, 18.364, 16.561, 66.557, 11.169, 98.92699999999999, 29.848, 27.878, 242.72100000000003, 292.149, 23.301, 108.56, 11.54, 28.121, 101.25, 95.675, 27.88, 109.388, 6.779, 65.161, 8.051, 63.065000000000005, 8.685, 88.185, 163.79, 16.894, 10.447, 13.847000000000001, 8.33, 2.641, 92.32799999999999, 14.441, 11.311, 101.80799999999999, 26.966, 66.84, 9.922, 77.749, 12.536000000000001, 16.707, 88.393, 28.11]"
2057,1766,"[74.084, 17.401, 8.238, 9.667, 2.506, 73.882, 19.194, 200.291, 5.225, 49.009, 63.987, 7.115, 10.692, 85.691, 8.199, 75.932, 7.647, 59.918, 33.14, 43.621, 9.963000000000001, 27.857, 5.994, 25.391000000000002, 5.042000000000001, 45.742000000000004, 7.164, 7.363, 9.633, 1.058, 0.932, 13.303, 0.577, 0.643, 7.77, 5.949, 1.243, 18.08, 1.784, 3.844, 7.435, 2.866, 5.294, 4.615, 10.703, 3.372, 5.557, 5.038, 7.386, 3.578, 2.566, 3.405, 4.23, 12.729, 6.548, 2.388, 2.282, 4.128, 3.627, 5.098, 6.248, 13.054, 11.42, 8.298, 74.056, 24.01, 19.929, 4.379, 6.260999999999999, 16.5, 18.38, 9.131, 55.069, 6.16, 37.974, 35.559, 9.379000000000001, 11.823, 14.373, 104.90700000000001, 11.121, 27.081, 10.861, 5.749, 111.846, 56.822, 41.847, 11.019, 14.361, 53.529, 4.161, 11.725000000000001, 5.332, 7.448, 4.072, 6.473000000000001, 11.229, 6.947, 9.898, 1.128]"
2528,2217,"[46.705, 8.836, 34.118, 98.429, 85.94200000000001, 9.308, 35.452, 5.926, 61.797, 37.365, 44.454, 13.739, 7.366, 6.168, 3.599, 61.343, 95.28299999999999, 17.708, 38.106, 17.389, 62.924, 10.657, 11.491, 16.924, 12.874, 11.92, 128.726, 77.079, 133.59, 73.992, 11.687, 40.39, 119.155, 30.089, 8.459, 7.449, 128.726, 63.702000000000005, 56.666999999999994, 61.1, 54.114000000000004, 98.459, 30.544000000000004, 41.336, 63.677, 10.153, 7.447, 47.366, 16.8, 41.367999999999995, 11.854, 9.543, 63.618, 6.814, 8.212, 52.563, 91.189, 76.113]"
683,522,"[28.652, 33.903, 5.37, 6.681, 5.671, 19.97, 31.97, 7.541, 7.706, 54.28999999999999, 16.151, 16.328, 64.64999999999999, 6.8469999999999995, 5.074, 5.226, 8.234, 6.291, 6.601, 41.691, 43.477, 3.541, 33.224, 3.997, 8.08, 4.045, 19.416, 5.32, 4.984, 6.565, 6.047, 7.472, 22.849, 64.632, 49.80800000000001, 6.098, 14.1]"
1098,986,"[52.641999999999996, 5.938, 4.944, 3.446, 1.981, 2.708, 4.207, 3.691, 7.054, 6.221, 14.136, 5.228, 73.919, 0.839, 5.65, 5.851, 2.1319999999999997, 0.39, 7.587, 3.409, 11.307, 6.74, 7.865, 5.236, 8.923, 5.604, 2.951, 6.4350000000000005, 62.526, 4.896, 8.085, 11.779, 20.483, 18.567, 7.892, 7.119, 20.651, 17.479, 3.818, 7.156, 6.999, 30.754, 13.238, 4.858, 18.784, 16.066, 6.181, 6.872, 15.23, 47.346, 22.102, 24.599000000000004, 42.505, 13.827, 6.423, 27.097, 8.884, 33.442, 13.17, 4.13, 52.569, 6.813, 36.032, 4.705, 25.774, 3.117, 6.454, 8.889, 20.684, 55.092999999999996, 58.114]"
1704,1357,"[18.027, 17.983, 2.716, 73.753, 60.095, 13.378, 38.549, 3.694, 4.579, 30.89, 74.886, 5.048, 60.830999999999996, 5.278, 6.049, 5.495, 19.058, 20.035, 29.752, 23.189, 5.893, 5.038, 4.163, 4.247, 7.254, 50.223, 43.994, 20.113, 8.079, 41.572, 48.66, 45.242999999999995, 5.36, 51.739999999999995, 48.747, 49.241, 30.365000000000002, 5.298, 40.116, 9.036, 10.509, 63.546, 37.056, 8.711, 43.694, 23.537, 24.282, 75.06700000000001, 17.213, 59.326, 128.78799999999998, 59.52600000000001, 15.233, 52.62899999999999, 22.546, 24.762]"
2188,1798,"[74.317, 46.231, 14.424, 11.199, 70.478, 16.374, 12.709, 121.579, 92.328, 2.641, 7.327, 3.63, 26.508, 7.98, 39.069, 5.756, 12.698, 15.369, 7.195, 24.907, 4.08, 3.304, 88.876, 15.051, 25.568, 6.224, 9.624, 9.889, 8.822, 6.29, 45.362, 7.623, 8.651, 7.547, 107.79099999999998, 8.773, 8.285, 58.471000000000004, 8.819, 65.41499999999999, 6.713, 6.743, 19.914, 22.930999999999997, 12.493, 6.994, 42.031, 2.551, 6.812, 7.221, 23.892, 94.80600000000001, 10.27, 31.056, 7.298, 7.41, 2.786, 28.6, 7.628, 8.558, 112.992, 15.999, 10.673, 12.731, 65.687, 6.783, 79.83500000000001, 13.6, 15.261, 104.317, 8.839, 18.865, 148.586, 34.004000000000005, 6.396, 12.294, 7.227, 6.336, 4.722, 28.731]"
1871,1382,"[67.751, 7.216, 8.629, 45.362, 6.29, 8.822, 9.889, 9.624, 6.224, 25.568, 15.051, 88.876, 3.304, 4.08, 24.907, 7.195, 15.369, 12.698, 5.756, 39.069, 7.98, 26.508, 3.63, 7.327, 2.641, 92.32799999999999, 121.57900000000001, 12.709, 16.374, 70.478, 11.199, 14.424, 46.231, 16.438000000000002, 57.12199999999999, 1.179, 73.085, 7.957, 60.087999999999994, 34.697, 21.225, 29.033, 36.257999999999996, 86.467, 10.399, 77.32499999999999, 187.258, 11.212, 22.481, 99.43599999999999, 114.417, 10.137, 8.631, 12.605, 13.246, 17.63, 8.81, 8.596]"
984,917,"[18.605, 6.507, 9.079, 29.276, 21.825000000000003, 11.896, 6.147, 6.294, 43.515, 1.244, 3.11, 9.143, 4.718, 58.239000000000004, 6.389, 5.164, 22.883000000000003, 77.892, 61.732, 4.992, 64.44500000000001, 7.535, 6.972, 40.102000000000004, 1.306, 49.245999999999995, 5.987, 5.932, 19.099, 12.898, 29.602, 6.054, 6.202, 6.337, 20.268, 40.04, 9.146, 5.277, 6.152, 5.351, 1.106, 3.138, 4.413, 8.126, 6.115, 2.295, 6.558999999999999, 8.192, 4.406, 4.428, 9.805, 9.795, 13.421, 12.471, 4.783, 6.19, 0.538, 9.982, 6.874, 1.871, 5.52, 8.106, 8.949, 80.316]"
1417,1219,"[18.355, 23.887999999999998, 3.541, 4.753, 7.464, 6.497, 5.001, 4.699, 32.802, 3.564, 29.325, 30.737, 18.915, 9.613, 52.342, 6.153, 5.682, 3.1180000000000003, 3.797, 10.8, 1.318, 2.541, 7.611, 1.993, 7.907, 5.369, 2.43, 4.325, 3.955, 16.586, 6.049, 2.326, 8.836, 5.801, 1.929, 14.651, 13.524999999999999, 88.047, 4.459, 8.0, 8.182, 37.032000000000004, 61.139, 132.363, 6.727, 7.147, 29.315, 29.855, 5.755, 7.237, 18.136, 4.829, 6.46, 6.855, 3.582, 12.9, 3.053, 4.044, 2.809, 2.476, 8.892, 4.047, 1.05, 19.288, 6.457, 6.27, 2.082, 0.992, 13.263, 14.936, 1.17, 4.682, 5.517, 5.952, 3.815, 8.879, 5.563, 1.815, 10.319, 48.791000000000004, 9.898, 6.947, 11.229, 5.027, 9.152000000000001, 6.146, 9.982, 6.874, 1.871, 2.764, 6.449, 19.242, 61.428, 34.14, 12.475, 6.143, 5.6, 13.021, 12.756, 10.469, 7.827999999999999, 10.997, 2.427, 11.697, 10.429, 8.983, 7.623, 7.16, 9.835, 4.02, 6.640000000000001, 11.272, 8.447, 5.927]"
1714,1334,"[41.973, 15.703, 5.035, 38.909, 18.364, 9.674, 52.052, 3.927, 14.873, 17.721, 60.416, 8.46, 9.784, 102.93800000000002, 54.955, 12.736, 92.958, 16.603, 11.691, 30.418999999999997, 117.035, 12.657, 11.301, 10.395, 40.395, 68.2, 7.97, 6.097, 33.628, 58.168, 6.864, 5.689, 44.497, 16.008, 6.037, 6.982, 39.715, 8.003, 7.978, 22.14, 20.077, 3.606, 3.874, 8.628, 53.361999999999995, 53.455, 119.81, 6.087, 6.229, 7.714, 19.883999999999997, 7.293, 7.475, 3.367, 4.434, 2.105, 4.13, 4.86, 38.214, 6.327, 4.836, 6.582, 47.503, 6.783, 26.165, 6.996, 7.982, 12.165, 10.942, 30.217, 10.301, 14.1]"
1215,1074,"[243.942, 10.885, 254.338, 14.769, 14.591, 47.458999999999996, 187.26899999999998, 4.97, 2.759, 3.739, 5.219, 8.936, 4.96, 3.604, 61.4, 85.847, 15.488, 4.474, 5.922, 5.642, 99.078, 11.749, 26.659, 11.671, 12.965, 67.069]"
1445,1298,"[1.782, 6.683, 49.839000000000006, 8.663, 4.331, 19.105, 107.364, 7.198, 7.45, 12.426, 2.279, 2.046, 13.933, 7.061, 4.102, 7.305, 2.362, 1.251, 2.035, 0.315, 7.174, 2.621, 52.736, 7.037, 7.739, 83.983, 5.147, 5.238, 41.156, 3.307, 29.241, 6.481, 7.977, 29.492, 29.157, 0.991, 6.48, 32.482, 39.366, 11.779, 20.483, 20.052, 9.991, 25.323, 7.187, 5.699, 39.905, 7.348, 7.322, 75.217, 10.905, 4.567, 21.236, 24.974, 77.478, 7.947, 10.118, 61.626000000000005, 36.261, 131.903, 6.232, 6.42, 32.364, 30.586, 5.201, 33.232, 48.269000000000005]"
647,398,"[44.199000000000005, 2.532, 2.692, 8.788, 21.168, 9.344, 2.727, 8.138, 1.323, 6.8740000000000006, 5.785, 9.905, 2.051, 6.111, 3.475, 4.918, 3.785, 3.109, 3.13, 5.309, 8.131, 6.24, 6.286, 17.323, 14.629, 10.089, 5.032, 8.285, 4.623, 6.36, 6.008, 1.306, 40.102000000000004, 6.972, 7.535, 64.445, 4.992, 61.732, 77.892, 22.883000000000003, 5.549, 4.889, 6.65, 5.176, 6.079, 1.968, 6.547000000000001, 3.498, 3.834, 3.914, 3.813, 7.696, 22.817, 4.684, 1.808, 21.877000000000002]"
944,783,"[19.197, 28.221, 11.347, 26.534, 12.361, 50.52400000000001, 11.593, 69.325, 6.363, 79.42200000000001, 10.051, 22.579, 9.237, 38.263, 14.049, 7.87, 11.549, 9.817, 71.462, 113.9, 6.79, 6.679, 19.999, 81.547, 57.807, 66.003, 72.267, 9.622]"
1471,1318,"[9.985, 7.576, 6.526, 33.891999999999996, 49.839000000000006, 8.663, 4.331, 19.105, 107.364, 7.198, 7.45, 12.426, 2.279, 2.046, 13.933, 7.061, 4.102, 7.305, 2.362, 1.251, 2.035, 0.315, 7.174, 2.621, 52.736, 7.037, 7.739, 83.983, 5.147, 5.238, 41.156, 3.307, 29.241, 6.481, 7.977, 29.492, 29.157, 0.991, 6.48, 32.482, 39.366, 11.779, 20.483, 18.567, 7.892, 7.119, 20.651, 17.479, 3.818, 7.156, 6.999, 30.754, 13.238, 4.858, 18.784, 16.066, 6.181, 6.872, 15.23, 47.346, 22.102, 24.599000000000004, 42.505, 13.827, 6.423, 27.097, 8.884, 33.442, 13.17, 4.13, 52.569, 6.813, 36.032, 4.705, 25.774, 3.117, 6.454, 8.889, 20.684, 55.092999999999996, 58.114]"
1309,985,"[26.031, 37.132, 52.878, 9.109, 9.095, 6.18, 3.013, 101.21, 6.962, 8.119, 15.136, 16.074, 6.966, 76.002, 6.261, 14.876000000000001, 8.498, 31.271, 33.757, 9.887, 26.418, 21.880000000000003, 38.935, 11.949, 81.547, 57.807, 70.28, 77.83399999999999, 12.667, 70.194, 77.488, 14.974, 4.943, 44.598, 4.033, 5.07, 33.537, 5.57, 43.632, 4.155, 89.411, 34.021]"
1223,396,"[69.241, 12.6, 91.681, 2.596, 4.412, 6.69, 84.572, 36.088, 91.154, 16.786, 11.42, 8.298, 74.056, 24.01, 19.929, 4.379, 6.260999999999999, 16.5, 18.38, 9.131, 55.069, 6.16, 37.974, 35.559, 9.379000000000001, 11.823, 8.121, 4.876, 4.962, 27.474, 49.715, 28.644, 1.056, 2.429, 8.298, 4.392, 23.837, 7.406, 8.809, 40.341, 10.806000000000001, 8.041, 52.563, 91.189, 76.113]"
2280,1813,"[9.59, 7.979, 9.007, 18.407, 54.932, 3.695, 4.08, 16.488, 8.855, 10.529, 87.28099999999999, 7.459, 6.319, 114.614, 5.13, 4.887, 20.81, 22.125, 3.649, 3.424, 2.469, 12.836, 2.374, 6.213, 13.07, 4.909, 1.912, 51.846, 72.349, 7.04, 10.837, 32.706, 3.148, 3.245, 2.467, 32.098, 15.008, 40.370000000000005, 7.337, 13.367, 59.255, 29.636, 5.443, 19.413, 92.09, 5.397, 77.83099999999999, 14.812, 8.3, 57.217, 179.68099999999998, 88.69500000000001, 64.342, 19.617, 114.997, 7.288, 8.033, 16.739, 8.356, 12.142, 6.212, 14.587, 7.094, 85.847, 28.745, 36.515, 2.224, 2.334, 26.142, 8.405, 6.102, 6.012, 6.09, 11.76, 7.734, 12.741, 4.971, 20.117, 93.265, 12.064, 16.971, 19.07, 6.538, 9.001, 69.346, 115.953]"
388,273,"[7.067, 5.188, 2.7, 21.343, 18.683, 7.521000000000001, 5.866, 1.477, 2.297, 17.347, 12.7, 4.145, 35.141, 7.326, 6.482, 3.705, 8.3, 4.694, 11.473, 6.106, 3.006, 1.356, 2.461, 1.671, 11.493, 10.006, 8.457, 13.403, 7.842, 6.696, 1.094, 2.511, 4.881, 7.102, 6.137, 2.401, 6.17, 7.702999999999999, 9.443, 9.647, 5.336, 4.737, 6.6129999999999995, 2.967, 12.823, 1.328, 9.412, 4.915, 4.129, 4.511, 11.204, 7.445]"
2014,1761,"[5.237, 71.59599999999999, 5.735, 1.236, 29.017, 52.022999999999996, 6.261, 8.672, 6.971, 9.587, 60.831, 8.731, 11.331, 71.618, 37.25, 13.684, 13.700999999999999, 12.081999999999999, 107.446, 5.049, 5.941, 9.61, 19.872999999999998, 6.037, 5.008, 19.453, 12.069, 6.441, 7.143, 7.138, 97.583, 6.257, 10.531, 25.037, 52.281, 44.088, 11.13, 9.064, 105.63000000000001, 3.699, 17.381, 5.646, 17.469, 10.174, 22.541, 50.187000000000005, 15.66, 9.947, 9.279, 51.892999999999994, 19.637, 66.424, 10.199, 6.001, 42.633, 10.017, 21.738, 32.178000000000004, 18.055, 15.036999999999999, 11.126999999999999, 9.657, 45.013000000000005, 65.681, 40.651, 9.446, 10.061, 13.690999999999999, 31.045, 30.994, 7.305, 8.844, 39.833000000000006, 51.517, 10.55, 12.391, 84.909, 6.818, 18.141, 12.957, 38.849000000000004]"
1518,1219,"[36.9, 6.241, 21.5, 7.743, 6.689, 75.586, 5.076, 5.563, 16.603, 53.604, 31.272, 10.279, 81.354, 11.161000000000001, 6.796, 13.486, 5.28, 7.708, 3.083, 54.324, 3.599, 10.633, 11.387, 10.312, 71.55799999999999, 13.245, 6.253, 65.833, 12.393, 6.028, 54.034, 70.678, 38.677, 12.821000000000002, 8.173, 16.414, 43.45, 123.042, 110.535, 210.381, 20.162, 6.695, 9.768, 3.206, 49.25300000000001, 40.156, 7.3309999999999995, 21.784999999999997]"
1232,1007,"[30.531, 7.529, 7.132, 11.224, 70.721, 48.15, 10.74, 38.628, 10.477, 6.697, 4.9, 2.81, 38.979, 14.65, 18.39, 6.689, 7.684, 2.406, 20.019, 33.38699999999999, 18.407, 9.007, 7.979, 8.031, 64.725, 8.751, 19.858, 7.242, 2.558, 27.146, 44.919, 3.553, 14.17, 10.8, 25.829, 12.939, 2.786, 7.41, 7.298, 31.056, 6.695, 128.816, 7.423, 6.897, 30.275, 4.652, 26.567, 3.734, 7.632, 15.506, 9.269, 6.599, 22.444, 5.747, 5.478, 7.097, 12.339, 6.458, 5.655, 6.313, 11.906, 36.06699999999999, 32.288, 31.888, 6.302, 9.82, 7.976, 8.188, 29.272, 6.222]"
1899,1028,"[14.1, 39.86, 17.659, 6.6, 11.138000000000002, 3.914, 9.701, 9.818, 24.83, 75.155, 2.923, 4.794, 7.2090000000000005, 2.764, 1.871, 6.874, 9.982000000000001, 6.146, 9.152, 5.027, 11.229, 6.947, 9.898, 48.791000000000004, 10.319, 1.815, 5.563, 8.879, 5.532, 20.826, 29.191, 5.208, 3.362, 4.894, 55.127, 28.528, 12.99, 15.919, 30.762, 7.027, 8.08, 20.134, 66.722, 3.886, 1.238, 4.952, 5.302, 73.978, 48.269000000000005, 57.398, 28.5, 5.303, 0.842, 11.916, 5.716, 11.096, 8.617, 24.625, 15.255, 11.17, 6.31, 10.557, 21.36, 8.6, 44.706999999999994, 132.603, 8.249, 6.408, 98.48, 97.583, 6.879, 3.042, 5.663, 19.328, 424.275]"
291,215,"[3.939, 91.88300000000001, 8.244, 48.66, 45.242999999999995, 5.36, 22.333, 7.887, 4.544, 14.387, 17.745, 14.017, 2.521, 4.548]"
1003,663,"[7.706, 6.261, 14.876000000000001, 8.498, 31.271, 33.757, 9.887, 26.418, 21.880000000000003, 38.935, 11.949, 81.547, 57.807, 70.28, 77.83399999999999, 12.667, 70.194, 77.488, 14.974, 6.461, 5.208, 38.78, 26.105, 5.309, 15.282, 15.666, 5.316000000000001, 77.508, 9.176, 22.555, 7.826, 38.739, 40.577, 14.354000000000001]"
251,206,"[1.898, 5.413, 8.297, 7.598, 2.795, 52.698, 81.613, 7.779, 7.117, 3.691, 13.02, 17.311, 29.039, 5.887, 6.715]"
1404,986,"[69.457, 8.003, 17.373, 16.545, 41.019, 8.206, 9.108, 38.609, 11.477, 18.043, 6.647, 10.224, 51.397, 6.23, 5.846, 27.986, 74.118, 21.667, 5.796, 3.915, 15.633000000000001, 6.162, 1.343, 9.835, 32.6, 5.549, 6.537, 12.57, 2.774, 8.523, 3.705, 8.3, 5.504, 21.379, 62.169999999999995, 51.157000000000004, 25.83, 1.75, 13.511, 57.653999999999996, 33.343, 11.6, 9.771, 2.323, 117.31800000000001, 8.6, 11.871, 26.505, 15.377, 11.867, 24.346, 37.482, 24.647, 24.073, 66.62, 16.878, 5.096, 50.224, 6.16, 26.063, 69.54499999999999]"
398,364,"[31.849, 39.135, 62.284, 1.449, 7.579, 7.024, 12.298, 72.548, 13.449, 8.192, 9.021, 7.417000000000001, 19.229, 86.909, 4.27, 7.181, 7.739]"
1684,1338,"[64.539, 7.192, 7.185, 6.003, 8.266, 70.273, 23.383, 5.847, 49.92, 19.473, 24.213, 234.61, 21.075, 2.983, 38.976, 25.21, 6.476, 16.126, 93.769, 3.54, 6.728, 33.767, 4.89, 9.406, 28.398, 47.24, 6.671, 4.815, 4.262, 14.727, 42.765, 25.095, 10.595, 5.33, 4.89, 5.744, 7.032, 4.743, 8.242, 4.732, 7.53, 1.69, 2.242, 2.532, 2.692, 8.788, 21.168, 9.344, 2.727, 8.138, 1.323, 6.8740000000000006, 5.785, 9.905, 2.051, 6.111, 3.475, 4.918, 3.785, 3.109, 3.13, 5.309, 8.131, 6.24, 6.286, 17.323, 5.861, 6.079, 5.89, 12.355, 1.723, 5.449, 5.961, 9.581, 8.414, 8.252, 18.876, 6.999, 10.242, 1.983, 3.726, 28.705, 29.912, 5.744, 15.501, 6.387, 2.864, 1.469, 3.086, 4.346, 4.337, 24.553, 3.253, 8.082, 15.043, 6.647, 9.16, 4.52, 10.917, 8.003, 8.686, 6.832, 12.845, 12.805, 11.842, 5.432, 19.215, 10.447, 3.649, 2.373, 4.325, 3.254, 10.261, 5.97, 6.716, 38.572, 3.873, 4.849, 38.305]"
1276,1082,"[4.848, 10.089, 4.554, 67.11399999999999, 105.939, 11.452, 81.919, 19.317, 11.901, 9.726, 90.025, 19.033, 8.921, 62.365, 51.813, 30.027, 32.939, 32.491, 10.82, 9.806, 65.187, 4.326, 104.791, 14.328, 11.161000000000001, 9.632, 5.675, 62.086999999999996, 7.138, 7.7219999999999995, 11.896, 41.222, 5.543, 19.523, 7.596, 60.414, 112.31, 7.898, 7.851000000000001, 5.001, 29.997999999999998]"
1990,1660,"[32.538, 41.756, 2.972, 23.261, 3.179, 5.224, 40.993, 3.405, 5.176, 39.231, 5.138, 1.874, 117.63000000000001, 3.923, 4.089, 4.483, 4.056, 44.567, 8.337, 37.228, 1.02, 41.463, 4.705, 12.597, 103.955, 7.486, 19.778, 12.476, 54.206999999999994, 24.282, 75.06700000000001, 17.213, 98.25399999999999, 77.61, 60.428, 15.653, 73.164, 36.072, 9.547, 23.091, 16.326, 16.915, 17.672, 19.232, 72.11800000000001, 5.161, 34.142, 8.65, 34.418, 41.952, 35.423, 20.662, 27.657, 16.92, 7.544, 24.494, 2.287, 16.978, 11.969, 11.09, 3.772, 6.096, 9.154, 65.304, 17.032, 11.811, 20.961, 78.351, 14.144, 11.048, 9.856, 18.627, 6.538, 9.001, 69.346]"
1024,594,"[55.812999999999995, 8.42, 104.697, 64.866, 59.896, 101.308, 18.187, 46.076, 33.704, 41.247, 6.45, 17.325, 122.10199999999999, 6.38, 12.475, 13.488, 2.457, 5.359, 3.176, 21.132, 29.46, 19.881, 4.457, 14.85, 17.062, 6.793, 17.0, 4.231, 7.763, 7.733, 43.395, 7.249, 26.296, 12.475, 7.946, 10.007000000000001, 24.83, 17.527]"
992,816,"[12.139, 72.248, 8.355, 6.494, 20.324, 7.369, 6.566, 6.928, 6.605, 59.521, 65.045, 76.483, 7.736, 10.935, 9.218, 34.505, 35.168, 27.602, 20.57, 15.167, 109.04100000000001, 30.525, 12.376999999999999, 9.07, 11.449, 59.414, 9.471, 18.865, 6.409, 86.485, 7.015, 5.241, 117.193]"
1132,928,"[34.917, 51.846, 1.912, 4.909, 168.106, 7.132, 11.224, 70.721, 45.388, 34.175, 9.541, 9.019, 9.742, 90.494, 6.086, 95.514, 104.02, 13.447, 82.786, 11.456, 21.183999999999997, 148.586, 34.004000000000005, 6.396, 12.294, 7.227, 6.336, 4.722, 28.731]"
2270,1786,"[5.928, 6.81, 49.355999999999995, 69.818, 2.845, 6.783, 7.521, 86.289, 4.613, 65.543, 4.689, 7.097, 7.19, 39.870999999999995, 35.094, 34.913000000000004, 18.869, 10.673, 12.731, 65.687, 6.783, 79.83500000000001, 13.6, 15.261, 104.317, 8.839, 18.865, 148.586, 5.487, 17.942, 5.765, 134.639, 8.022, 119.131, 168.20399999999998, 43.946, 92.879, 12.393, 48.602999999999994, 10.697, 11.058, 79.215, 61.461999999999996, 144.331, 4.444, 11.285, 11.751000000000001, 83.05499999999999, 4.296, 97.58600000000001, 66.952, 29.880000000000003, 58.114]"
1945,1534,"[29.07, 51.416, 4.899, 13.959, 10.301, 10.774999999999999, 8.382, 19.021, 5.371, 35.73499999999999, 15.305, 16.385, 12.124, 47.104, 6.342, 5.576, 12.68, 14.681, 1.385, 17.431, 23.132, 6.503, 15.648, 17.846, 7.879, 12.72, 7.599, 7.248, 19.56, 17.427, 5.868, 4.25, 24.366, 5.459, 20.804, 21.649, 3.963, 4.964, 12.939, 9.216999999999999, 6.776, 11.81, 12.309, 42.212, 5.931, 15.487, 13.629, 3.868, 28.43, 19.989, 4.282, 4.103, 3.033, 35.958, 12.608, 13.322, 8.911, 7.884, 7.515, 16.047, 4.205, 86.18499999999999, 10.833, 15.157, 242.93499999999997, 13.795, 38.976, 25.21, 6.476, 16.126, 93.769, 3.54, 6.728, 33.767, 4.89, 9.406, 28.398, 47.24, 6.671, 4.815, 4.262, 14.727, 42.765, 25.095, 10.595, 5.33, 4.89, 5.744, 7.032, 4.743, 8.242, 4.732, 7.53, 1.69, 2.242, 2.532, 2.692, 8.788, 21.168, 9.344, 2.727, 8.138, 1.323, 6.8740000000000006, 5.785, 9.905, 2.051, 6.111, 3.475, 4.918, 3.785, 3.109, 3.13, 5.309, 8.131, 6.24, 6.286, 17.323, 5.861, 6.079, 5.89, 12.355, 1.723, 5.449, 16.5, 32.641999999999996]"
702,533,"[16.205, 16.366, 28.246000000000002, 32.496, 9.858, 9.491, 5.948, 4.099, 19.212, 7.086, 13.762, 5.667, 34.089, 6.512, 142.236, 16.313, 9.381, 34.594, 14.653, 9.59, 26.812, 18.282, 17.017, 9.455, 8.359, 31.882, 7.232, 9.767, 9.716, 7.602, 6.171, 14.870999999999999, 12.875, 19.812, 6.902, 11.163, 48.227]"
502,343,"[11.191, 23.74, 6.269, 7.716, 91.13, 113.757, 44.42, 18.884, 4.884, 15.487, 5.931, 42.212, 12.309, 11.81, 17.471, 18.932, 3.526, 7.309, 22.697, 5.042, 16.907]"
847,560,"[13.353, 17.204, 8.701, 5.406, 4.525, 42.480000000000004, 3.663, 4.599, 91.246, 8.436, 49.241, 30.365000000000002, 5.298, 40.116, 22.879, 9.481, 59.428, 4.384, 11.549, 9.817, 71.462, 113.9, 6.79, 5.485, 4.604, 14.171, 35.207, 13.061, 21.880000000000003, 26.418, 9.887, 7.763, 33.763, 40.189]"
3338,1475,"[16.304, 14.322, 4.027, 12.174, 53.349000000000004, 8.695, 111.267, 12.654, 74.72, 9.085, 9.041, 14.66, 12.057, 74.72800000000001, 14.902, 91.128, 8.69, 124.322, 9.168, 184.138, 14.131, 11.279, 67.61, 122.99399999999999, 11.98, 95.831, 5.512, 7.264, 20.726, 13.414, 16.757, 19.722, 10.148, 7.94, 43.954, 16.458000000000002, 62.207, 3.264, 31.53, 522.126, 25.538999999999998, 41.767, 64.015, 14.038, 43.171, 69.50999999999999, 16.924, 12.638, 9.272, 18.085, 47.406, 8.683, 19.068, 91.577, 98.614, 44.992, 32.311, 40.400999999999996, 32.821, 8.333, 64.045, 12.611, 19.25, 15.299, 64.723, 5.089, 7.946, 15.594, 7.252, 4.861, 57.302, 6.211, 8.518, 10.405, 5.319, 76.83000000000001, 32.319, 43.165, 38.301, 47.732, 12.767, 5.677, 29.413, 8.182, 35.408]"
264,201,"[7.289, 6.365, 7.416, 7.295, 11.562, 5.282, 20.025, 14.975, 1.942, 1.692, 5.263, 20.264, 11.19, 17.357, 1.71, 16.374000000000002, 17.232, 9.619, 8.42, 1.555, 5.582, 12.626000000000001, 6.641, 46.644]"
386,325,"[6.741, 38.809000000000005, 8.42, 1.555, 5.582, 12.626000000000001, 6.641, 46.644, 29.997999999999998, 5.001, 112.83, 74.777, 21.884, 7.145, 7.427]"
883,848,"[7.216, 8.629, 7.623, 80.216, 87.724, 9.468, 8.868, 7.04, 31.616, 88.733, 15.742, 77.749, 157.07799999999997, 70.194, 77.488, 9.478, 39.134, 5.88, 44.198, 48.85399999999999]"
248,214,"[17.062, 6.793, 17.0, 4.231, 7.763, 47.503, 6.783, 26.165, 6.996, 7.663, 8.446000000000002, 2.19, 6.986000000000001, 7.787, 6.6, 26.295, 2.33, 39.64]"
2942,2573,"[4.744, 3.325, 61.147, 23.81, 4.248, 4.057, 27.679, 17.517, 21.539, 39.671, 10.563, 48.335, 17.693, 8.425, 38.177, 10.227, 9.395, 136.084, 10.554, 21.65, 19.086, 83.273, 5.076, 5.563, 14.266, 38.418000000000006, 46.174, 74.047, 10.484, 6.993, 98.089, 119.161, 6.908, 6.232, 13.983, 6.73, 38.809, 6.741, 11.954, 26.259, 24.614, 24.691000000000003, 11.75, 12.775, 29.448, 5.634, 66.274, 10.456, 11.311, 42.873, 4.969, 20.729, 7.667, 44.00000000000001, 52.315, 21.312, 6.350999999999999, 5.77, 4.346, 6.905, 8.682, 8.523, 5.493, 2.733, 4.874, 6.538, 9.046, 9.674, 8.014, 6.91, 6.066000000000001, 0.801, 9.052, 7.456, 4.471, 5.481, 3.401, 5.413, 8.459, 7.449, 128.726, 63.702000000000005, 56.666999999999994, 61.1, 54.114000000000004, 98.459, 13.945, 6.545, 137.00699999999998, 17.878, 18.978, 16.019, 33.638, 92.544, 21.01, 3.021, 5.623, 14.491, 4.429, 5.935, 32.09, 9.905, 48.85, 18.248, 18.09, 43.814, 3.438, 1.826, 56.32899999999999, 48.269000000000005, 33.232, 5.201, 30.586, 32.364, 6.393]"
684,536,"[4.103, 0.873, 29.349999999999998, 8.895, 9.118, 20.518, 74.804, 8.62, 8.408, 120.763, 13.587, 6.255, 10.391, 5.073, 48.606, 21.052, 27.364, 2.629, 39.028999999999996, 7.008, 15.167, 109.04100000000001, 30.525, 9.029, 6.299, 5.523, 42.332]"
